{
  "timestamp": "2025-07-17T10:35:46.462975",
  "overall_stats": {
    "total_cases": 9000,
    "success_rate": 0.6807777777777778,
    "accuracy_rate": 0.48359719275338664,
    "avg_score": 0.33716666666666667
  },
  "by_provider": {
    "gpt-3.5-turbo": {
      "total_cases": 9000,
      "success_rate": 0.6807777777777778,
      "accuracy_rate": 0.48359719275338664,
      "avg_score": 0.33716666666666667
    }
  },
  "by_format": {
    "md": {
      "total_cases": 1500,
      "success_rate": 0.6806666666666666,
      "accuracy_rate": 0.5034280117531832,
      "avg_score": 0.34826666666666667
    },
    "ttl": {
      "total_cases": 1500,
      "success_rate": 0.6806666666666666,
      "accuracy_rate": 0.5093046033300686,
      "avg_score": 0.35413333333333336
    },
    "xml": {
      "total_cases": 1500,
      "success_rate": 0.6813333333333333,
      "accuracy_rate": 0.4295499021526419,
      "avg_score": 0.30393333333333333
    },
    "html": {
      "total_cases": 1500,
      "success_rate": 0.6813333333333333,
      "accuracy_rate": 0.45401174168297453,
      "avg_score": 0.3164
    },
    "txt": {
      "total_cases": 1500,
      "success_rate": 0.6793333333333333,
      "accuracy_rate": 0.4916584887144259,
      "avg_score": 0.33673333333333333
    },
    "json": {
      "total_cases": 1500,
      "success_rate": 0.6813333333333333,
      "accuracy_rate": 0.5136986301369864,
      "avg_score": 0.3635333333333333
    }
  }
}