{
  "timestamp": "2025-07-18T03:06:00.065207",
  "overall_stats": {
    "total_cases": 9000,
    "success_rate": 0.9991111111111111,
    "accuracy_rate": 0.6281138790035588,
    "avg_score": 0.6813333333333333
  },
  "by_provider": {
    "deepseek-chat": {
      "total_cases": 9000,
      "success_rate": 0.9991111111111111,
      "accuracy_rate": 0.6281138790035588,
      "avg_score": 0.6813333333333333
    }
  },
  "by_format": {
    "json": {
      "total_cases": 1500,
      "success_rate": 0.9993333333333333,
      "accuracy_rate": 0.61974649766511,
      "avg_score": 0.6897666666666668
    },
    "ttl": {
      "total_cases": 1500,
      "success_rate": 0.9986666666666667,
      "accuracy_rate": 0.5126835781041389,
      "avg_score": 0.6272666666666666
    },
    "md": {
      "total_cases": 1500,
      "success_rate": 0.9993333333333333,
      "accuracy_rate": 0.6524349566377585,
      "avg_score": 0.6887
    },
    "xml": {
      "total_cases": 1500,
      "success_rate": 0.9993333333333333,
      "accuracy_rate": 0.6437625083388926,
      "avg_score": 0.6735333333333333
    },
    "html": {
      "total_cases": 1500,
      "success_rate": 0.9986666666666667,
      "accuracy_rate": 0.6809078771695594,
      "avg_score": 0.7154333333333334
    },
    "txt": {
      "total_cases": 1500,
      "success_rate": 0.9993333333333333,
      "accuracy_rate": 0.6591060707138092,
      "avg_score": 0.6933
    }
  }
}