{
  "timestamp": "2025-07-17T09:07:03.836334",
  "overall_stats": {
    "total_cases": 9000,
    "success_rate": 1.0,
    "accuracy_rate": 0.5723333333333334,
    "avg_score": 0.5864111111111111
  },
  "by_provider": {
    "gemini-1.5-flash": {
      "total_cases": 9000,
      "success_rate": 1.0,
      "accuracy_rate": 0.5723333333333334,
      "avg_score": 0.5864111111111111
    }
  },
  "by_format": {
    "html": {
      "total_cases": 1500,
      "success_rate": 1.0,
      "accuracy_rate": 0.5693333333333334,
      "avg_score": 0.5839666666666667
    },
    "json": {
      "total_cases": 1500,
      "success_rate": 1.0,
      "accuracy_rate": 0.6066666666666667,
      "avg_score": 0.6276999999999999
    },
    "md": {
      "total_cases": 1500,
      "success_rate": 1.0,
      "accuracy_rate": 0.5946666666666667,
      "avg_score": 0.6089666666666667
    },
    "xml": {
      "total_cases": 1500,
      "success_rate": 1.0,
      "accuracy_rate": 0.5546666666666666,
      "avg_score": 0.5713666666666667
    },
    "ttl": {
      "total_cases": 1500,
      "success_rate": 1.0,
      "accuracy_rate": 0.5406666666666666,
      "avg_score": 0.5479
    },
    "txt": {
      "total_cases": 1500,
      "success_rate": 1.0,
      "accuracy_rate": 0.568,
      "avg_score": 0.5785666666666667
    }
  }
}